decade,language,event,positive_text,negative_text,net_sentiment_text,positive_hist,negative_hist,net_sentiment_hist,dev_positive,dev_negative,dev_net,anger_text,contempt_text,disgust_text,fear_text,frustration_text,gratitude_text,joy_text,love_text,neutral_text,sadness_text,surprise_text,anger_hist,contempt_hist,disgust_hist,fear_hist,frustration_hist,gratitude_hist,joy_hist,love_hist,neutral_hist,sadness_hist,surprise_hist,dev_anger,dev_contempt,dev_disgust,dev_fear,dev_frustration,dev_gratitude,dev_joy,dev_love,dev_neutral,dev_sadness,dev_surprise
1810,English,Napoleonic Wars,0.08225842214493943,0.07047734215385744,0.011781079991081994,0.10000000000000002,0.36666666666666664,-0.2666666666666666,-0.017741577855060586,-0.2961893245128092,0.27844774665774863,0.1003627409667806,0.1599212778784462,0.0249425439700745,0.0744467263757116,0.0219980689756805,0.0368666745013753,0.0719863158411435,0.1379222760922995,0.3970797472286203,0.0411926947564512,0.1241108637038471,0.5,0.2,0.2,0.5,0.4,0.1,0.1,0.1,0.2,0.4,0.3,-0.3996372590332194,-0.040078722121553806,-0.1750574560299255,-0.4255532736242884,-0.3780019310243195,-0.06313332549862471,-0.02801368415885651,0.037922276092299506,0.19707974722862026,-0.3588073052435488,-0.17588913629615288
1820,English,Industrialization,0.08957678077734527,0.073636199168703,0.01594058160864227,0.26666666666666666,0.23333333333333336,0.0333333333333333,-0.1770898858893214,-0.15969713416463038,-0.017392751724691027,0.1354821036962253,0.1346652169947394,0.0289702591769295,0.0756962516175211,0.0184154157960915,0.0436893244154021,0.0755781212918028,0.1494628966248309,0.3602326187177816,0.0485879477307112,0.1222559952345633,0.2,0.2,0.2,0.3,0.3,0.3,0.3,0.2,0.4,0.2,0.2,-0.06451789630377472,-0.0653347830052606,-0.17102974082307051,-0.2243037483824789,-0.2815845842039085,-0.25631067558459786,-0.2244218787081972,-0.05053710337516912,-0.039767381282218406,-0.1514120522692888,-0.0777440047654367
1830,English,Reform Era,0.0652735394623863,0.07422487504264819,-0.008951335580261885,0.3333333333333333,0.20000000000000004,0.13333333333333328,-0.268059793870947,-0.12577512495735185,-0.14228466891359515,0.1319396494050075,0.106573129082856,0.0382676343355712,0.1027759680837727,0.0224193827375757,0.0296183247680454,0.054744659631409,0.1114576339877045,0.4162891158609091,0.043373486611106,0.138106364460803,0.2,0.2,0.2,0.2,0.3,0.4,0.3,0.3,0.4,0.1,0.2,-0.06806035059499252,-0.09342687091714401,-0.1617323656644288,-0.0972240319162273,-0.2775806172624243,-0.37038167523195464,-0.24525534036859098,-0.1885423660122955,0.016289115860909087,-0.056626513388894004,-0.06189363553919702
1840,English,Victorian Era,0.07207055290486723,0.07834396805589848,-0.0062734151510312475,0.3666666666666667,0.13333333333333333,0.23333333333333336,-0.29459611376179945,-0.05498936527743485,-0.2396067484843646,0.1342281920339768,0.1301151610603585,0.0418747324409266,0.1036431362513789,0.0190216338546078,0.0305893837192184,0.0702020319114451,0.1154202430839382,0.3685088336073414,0.0411809526941423,0.1698740975178213,0.1,0.1,0.1,0.2,0.2,0.4,0.4,0.3,0.5,0.1,0.2,0.034228192033976784,0.030115161060358497,-0.05812526755907341,-0.09635686374862111,-0.1809783661453922,-0.36941061628078165,-0.32979796808855494,-0.1845797569160618,-0.13149116639265862,-0.058819047305857707,-0.030125902482178724
1850,English,Crimean War,0.0601495564757917,0.06356151754544892,-0.0034119610696572225,0.13333333333333333,0.35000000000000003,-0.2166666666666667,-0.07318377685754163,-0.2864384824545511,0.2132547055970095,0.1027868854496711,0.1281346729861396,0.0287603655546171,0.0643285948102342,0.0207345462050991,0.0237055282072355,0.0484392179311306,0.108303923289009,0.4637819108542568,0.0366240402669324,0.1002010081558153,0.4,0.2,0.3,0.4,0.4,0.2,0.1,0.1,0.3,0.4,0.3,-0.29721311455032895,-0.07186532701386042,-0.2712396344453829,-0.3356714051897658,-0.3792654537949009,-0.1762944717927645,-0.0515607820688694,0.008303923289008988,0.1637819108542568,-0.36337595973306763,-0.1997989918441847
1860,English,American Civil War,0.07073914921169944,0.06354931219839614,0.0071898370133032935,0.16666666666666666,0.45,-0.2833333333333333,-0.09592751745496722,-0.38645068780160385,0.2905231703466366,0.0937879626767666,0.096122734118475,0.0290433231037125,0.0950869710144875,0.0229146997384166,0.024737187348365,0.0690257229629,0.1184545373238333,0.4406061091709417,0.0443401825385187,0.1171483657304666,0.6,0.3,0.3,0.5,0.5,0.2,0.1,0.2,0.2,0.5,0.4,-0.5062120373232334,-0.203877265881525,-0.2709566768962875,-0.4049130289855125,-0.4770853002615834,-0.175262812651635,-0.030974277037100012,-0.0815454626761667,0.24060610917094166,-0.4556598174614813,-0.2828516342695334
1870,English,Reconstruction,0.046782441804297165,0.06275929699681938,-0.01597685519252222,0.2333333333333333,0.3,-0.06666666666666668,-0.18655089152903614,-0.23724070300318062,0.05068981147414446,0.0895056391199215,0.1242079587887892,0.0274935462146176,0.0831288538375392,0.0206574122167352,0.018390353172823,0.050336610771897,0.0716203614681715,0.493189766550348,0.0315623718033137,0.1227766867975833,0.3,0.3,0.2,0.3,0.4,0.3,0.2,0.2,0.4,0.3,0.2,-0.2104943608800785,-0.17579204121121078,-0.1725064537853824,-0.21687114616246078,-0.3793425877832648,-0.281609646827177,-0.14966338922810302,-0.12837963853182852,0.093189766550348,-0.26843762819668626,-0.07722331320241671
1880,English,Gilded Age,0.05692152370896947,0.06784479250954811,-0.010923268800578645,0.26666666666666666,0.21666666666666667,0.04999999999999999,-0.2097451429576972,-0.14882187415711856,-0.060923268800578634,0.1076591893509914,0.1195355495416239,0.0295401132859384,0.098345465215688,0.0208462843711282,0.0214144656836965,0.0443780271711564,0.1049720782720555,0.4339567617168504,0.0311421532919188,0.1232900358605341,0.2,0.2,0.2,0.2,0.3,0.3,0.3,0.2,0.5,0.2,0.2,-0.0923408106490086,-0.08046445045837611,-0.17045988671406162,-0.10165453478431201,-0.2791537156288718,-0.2785855343163035,-0.2556219728288436,-0.09502792172794451,-0.06604323828314962,-0.1688578467080812,-0.07670996413946592
1890,English,Progressive Era,0.0507619777670666,0.05872049463653487,-0.007958516869468274,0.3333333333333333,0.20000000000000004,0.13333333333333328,-0.2825713555662667,-0.14127950536346517,-0.14129185020280155,0.0956419278158423,0.0794045256025991,0.0275410675479594,0.0969696125724549,0.0168155518662139,0.0209241529163869,0.0353745011437364,0.0959872792410765,0.4439433881272432,0.0359502824141396,0.1245190094557342,0.2,0.2,0.2,0.2,0.3,0.4,0.3,0.3,0.4,0.1,0.2,-0.10435807218415771,-0.12059547439740091,-0.1724589324520406,-0.10303038742754511,-0.28318444813378607,-0.37907584708361314,-0.2646254988562636,-0.2040127207589235,0.04394338812724319,-0.06404971758586041,-0.07548099054426581
1900,English,Turn of Century,0.05418172029336513,0.06477411199569655,-0.010592391702331415,0.26666666666666666,0.15,0.11666666666666667,-0.21248494637330154,-0.08522588800430345,-0.1272590583689981,0.1050068225522818,0.1009890028798363,0.0338521284474409,0.101490689025909,0.0165453238827818,0.0168086057161227,0.0503892580141636,0.0953472971498091,0.4174896840996909,0.0307607051859295,0.1375322031285954,0.2,0.1,0.1,0.2,0.2,0.3,0.3,0.2,0.5,0.1,0.2,-0.09499317744771821,0.0009890028798362899,-0.0661478715525591,-0.098509310974091,-0.18345467611721822,-0.2831913942838773,-0.24961074198583638,-0.10465270285019092,-0.0825103159003091,-0.06923929481407051,-0.06246779687140461
1910,English,World War I,0.0567665746672549,0.05604613210935455,0.0007204425579003457,0.16666666666666666,0.39999999999999997,-0.2333333333333333,-0.10990009199941175,-0.3439538678906454,0.23405377589123366,0.0819421478248458,0.0856670118920143,0.0278837520853333,0.0978940437721146,0.0120890903704401,0.0220709103859139,0.0405460372131268,0.107682776402724,0.4354686074451183,0.0308007467113792,0.1171333823373405,0.5,0.2,0.3,0.5,0.5,0.2,0.1,0.2,0.2,0.4,0.4,-0.41805785217515423,-0.11433298810798571,-0.2721162479146667,-0.4021059562278854,-0.4879109096295599,-0.1779290896140861,-0.059453962786873205,-0.09231722359727601,0.23546860744511827,-0.3691992532886208,-0.2828666176626595
1920,English,Roaring Twenties,0.05075542578293916,0.05569408094551181,-0.00493865516257265,0.43333333333333335,0.11666666666666668,0.31666666666666665,-0.38257790755039417,-0.060972585721154875,-0.3216053218292393,0.0689177465694583,0.1083467755964154,0.0248954141562317,0.0761612362077814,0.0156505252270607,0.0115393866103579,0.0508696017959302,0.0898572889425294,0.4764605240653603,0.0401927879161234,0.1114764789810504,0.1,0.1,0.1,0.1,0.2,0.4,0.6,0.3,0.5,0.1,0.3,-0.031082253430541704,0.00834677559641539,-0.0751045858437683,-0.02383876379221861,-0.1843494747729393,-0.3884606133896421,-0.5491303982040698,-0.2101427110574706,-0.023539475934639675,-0.059807212083876606,-0.1885235210189496
1930,English,Great Depression,0.04209990340391533,0.06308996577594335,-0.020990062372028016,0.10000000000000002,0.3666666666666667,-0.26666666666666666,-0.05790009659608469,-0.30357670089072336,0.24567660429463864,0.103562642955626,0.0968380629421784,0.0398221834323156,0.0817648001419039,0.0199495253860205,0.0141245341959485,0.0374853311918353,0.0746898448239622,0.4920629014674099,0.0366025797976157,0.0880228767816638,0.3,0.2,0.2,0.5,0.5,0.1,0.1,0.1,0.3,0.5,0.2,-0.19643735704437398,-0.10316193705782162,-0.16017781656768443,-0.4182351998580961,-0.4800504746139795,-0.0858754658040515,-0.0625146688081647,-0.02531015517603781,0.1920629014674099,-0.4633974202023843,-0.11197712321833621
1940,English,World War II,0.035277787610310134,0.046423502239766164,-0.01114571462945603,0.26666666666666666,0.3833333333333333,-0.11666666666666664,-0.23138887905635652,-0.33690983109356715,0.10552095203721061,0.0622908976660555,0.0499446328713611,0.0363497656944861,0.0942657772805833,0.0124879093513333,0.0074509991046527,0.0459260526363611,0.0524563110899166,0.5509574224697222,0.0232020305747777,0.1198967150152222,0.5,0.2,0.3,0.5,0.4,0.3,0.2,0.3,0.2,0.4,0.4,-0.4377091023339445,-0.15005536712863893,-0.2636502343055139,-0.4057342227194167,-0.3875120906486667,-0.2925490008953473,-0.1540739473636389,-0.24754368891008338,0.3509574224697222,-0.3767979694252223,-0.2801032849847778
1950,English,Post-WWII Era,0.036916822267775005,0.05849526686174305,-0.021578444593968044,0.4666666666666666,0.11666666666666668,0.3499999999999999,-0.42974984439889163,-0.05817139980492363,-0.37157844459396794,0.054630412032875,0.104179153543375,0.0264782238264583,0.104790466359875,0.027456962314,0.01095810702885,0.0346875019376,0.065104857836875,0.5686376318608333,0.033436383093875,0.0882292717787916,0.1,0.1,0.1,0.1,0.2,0.5,0.5,0.4,0.4,0.1,0.3,-0.04536958796712501,0.004179153543374989,-0.0735217761735417,0.004790466359874998,-0.17254303768600002,-0.48904189297114997,-0.4653124980624,-0.334895142163125,0.16863763186083325,-0.066563616906125,-0.2117707282212084
1960,English,Civil Rights Movement,0.08758913814852774,0.0346314324358194,0.052957705712708344,0.4000000000000001,0.3,0.10000000000000009,-0.3124108618514723,-0.2653685675641806,-0.047042294287291744,0.0317864043636666,0.0261235646084166,0.0056238311319166,0.05279486803325,0.0066325866579166,0.0297585990765,0.0903039850216666,0.1427048303474166,0.6305180016116666,0.08482733981975,0.0607012281265,0.4,0.3,0.2,0.3,0.4,0.4,0.4,0.4,0.3,0.2,0.3,-0.36821359563633344,-0.2738764353915834,-0.1943761688680834,-0.24720513196674998,-0.3933674133420834,-0.3702414009235,-0.30969601497833343,-0.2572951696525834,0.3305180016116666,-0.11517266018025,-0.2392987718735
1810,Hindi,Maratha Wars,0.034100455092722935,0.0340536737591549,4.678133356803699e-05,0.10000000000000002,0.4166666666666667,-0.31666666666666665,-0.06589954490727709,-0.3826129929075118,0.3167134480002347,0.0415716322714084,0.1102468288591549,0.0059049638825352,0.0260716309129577,0.0073056546447887,0.0384883332702816,0.0297905773673239,0.0340224546405633,0.8196278428732394,0.0132213319840845,0.0138322668657746,0.7,0.1,0.1,0.6,0.5,0.1,0.1,0.1,0.2,0.5,0.3,-0.6584283677285916,0.0102468288591549,-0.09409503611746481,-0.5739283690870423,-0.4926943453552113,-0.0615116667297184,-0.0702094226326761,-0.0659775453594367,0.6196278428732394,-0.4867786680159155,-0.2861677331342254
1820,Hindi,Social Reforms,0.018479890869278263,0.02472019633067005,-0.0062403054613917874,0.3333333333333333,0.15,0.18333333333333332,-0.31485344246405506,-0.12527980366932995,-0.1895736387947251,0.0294549173453608,0.0433802545151546,0.0199998075335051,0.023561657330103,0.0192132843974226,0.014744015274536,0.0331668710744329,0.0075287862588659,0.863546141528866,0.0127112568624742,0.0758669489463917,0.1,0.2,0.1,0.2,0.2,0.4,0.3,0.3,0.4,0.1,0.2,-0.07054508265463921,-0.15661974548484542,-0.08000019246649491,-0.176438342669897,-0.18078671560257742,-0.385255984725464,-0.2668331289255671,-0.2924712137411341,0.463546141528866,-0.0872887431375258,-0.1241330510536083
1830,Hindi,Education Decline,0.022151330186999968,0.02379969471938333,-0.0016483645323833625,0.10000000000000002,0.31666666666666665,-0.21666666666666662,-0.07784866981300005,-0.29286697194728334,0.21501830213428325,0.044782529133,0.0352656858328,0.0321827682304,0.0180512061064,0.0041211634359,0.0382430289963,0.0223496075264,0.0058613540382999,0.8423752029649999,0.0083948155778,0.040792537179,0.3,0.2,0.2,0.3,0.5,0.1,0.1,0.1,0.3,0.4,0.1,-0.255217470867,-0.16473431416720002,-0.1678172317696,-0.2819487938936,-0.4958788365641,-0.061756971003700006,-0.0776503924736,-0.0941386459617001,0.542375202965,-0.39160518442220005,-0.059207462821000006
1840,Hindi,Railways Introduced,0.018390201340196033,0.028088794543758098,-0.009698593203562065,0.43333333333333335,0.11666666666666665,0.3166666666666667,-0.4149431319931373,-0.08857787212290856,-0.3263652598702288,0.0654206094392156,0.0314249214529411,0.0105893373458823,0.0345128523321568,0.0049461731741176,0.0124437572368627,0.0384991674158823,0.0042276793678431,0.8055204662843137,0.0216388735182352,0.0665614391980392,0.1,0.1,0.1,0.2,0.1,0.5,0.6,0.2,0.4,0.1,0.5,-0.03457939056078441,-0.06857507854705891,-0.0894106626541177,-0.16548714766784323,-0.09505382682588241,-0.4875562427631373,-0.5615008325841176,-0.1957723206321569,0.4055204662843137,-0.0783611264817648,-0.4334385608019608
1850,Hindi,1857 Rebellion,0.013633106805251101,0.022437392191255665,-0.008804285386004564,0.16666666666666666,0.5666666666666665,-0.3999999999999999,-0.15303355986141556,-0.5442292744754109,0.3911957146139953,0.0460013273958904,0.0345518431323287,0.0152847820038356,0.0197329438036986,0.0106608211165753,0.011884807759863,0.0227048054967123,0.006309707159178,0.8547562176753425,0.0083926356952054,0.0576720717843835,0.9,0.3,0.2,0.7,0.6,0.2,0.1,0.2,0.1,0.7,0.8,-0.8539986726041097,-0.2654481568676713,-0.18471521799616442,-0.6802670561963013,-0.5893391788834247,-0.188115192240137,-0.0772951945032877,-0.193690292840822,0.7547562176753425,-0.6916073643047945,-0.7423279282156166
1860,Hindi,British Crown Rule,0.03779949095689227,0.027796262166794847,0.010003228790097424,0.16666666666666666,0.3,-0.13333333333333333,-0.12886717570977438,-0.2722037378332051,0.14333656212343077,0.0297253312676923,0.0623600751658461,0.0319255349904615,0.0243138891633846,0.01388855623,0.0405276518589846,0.0350051907712307,0.0378656302404615,0.7447676035646154,0.0045641861833846,0.0365506415784615,0.3,0.3,0.2,0.3,0.4,0.2,0.2,0.1,0.4,0.3,0.2,-0.2702746687323077,-0.2376399248341539,-0.16807446500953852,-0.2756861108366154,-0.38611144377,-0.1594723481410154,-0.1649948092287693,-0.0621343697595385,0.34476760356461533,-0.2954358138166154,-0.16344935842153852
1870,Hindi,Great Famine,0.006066305879333333,0.010130792439166666,-0.004064486559833333,0.06666666666666667,0.5333333333333333,-0.4666666666666667,-0.06060036078733333,-0.5232025408941666,0.46260218010683335,0.00564030371,0.04016354055,0.00265836351,0.001500429665,0.00549215598,0.002741350014,0.01234379726,0.003113770364,0.977413122,0.00532996122,0.01107037805,0.4,0.1,0.3,0.8,0.7,0.1,0.0,0.1,0.1,0.9,0.2,-0.39435969629,-0.059836459450000004,-0.29734163649,-0.7984995703350001,-0.69450784402,-0.097258649986,0.01234379726,-0.096886229636,0.877413122,-0.8946700387800001,-0.18892962195000002
1880,Hindi,Vernacular Press,0.06678648802129804,0.0887462521346394,-0.021959764113341357,0.43333333333333335,0.15,0.2833333333333333,-0.3665468453120353,-0.0612537478653606,-0.30529309744667465,0.1551920098932692,0.1684737545949519,0.0846244240799038,0.0495738864564423,0.034480367134375,0.0304115131465865,0.0880165308007211,0.0819314201165865,0.3971094045892788,0.0401330706488942,0.1015624362342788,0.2,0.1,0.1,0.2,0.2,0.5,0.5,0.3,0.4,0.1,0.3,-0.04480799010673081,0.06847375459495189,-0.01537557592009621,-0.15042611354355773,-0.16551963286562502,-0.4695884868534135,-0.4119834691992789,-0.2180685798834135,-0.0028905954107212306,-0.0598669293511058,-0.1984375637657212
1890,Hindi,Plague Epidemics,0.05010139864541213,0.03483606916587808,0.015265329479534052,0.10000000000000002,0.46666666666666673,-0.3666666666666667,-0.04989860135458789,-0.43183059750078867,0.38193199614620077,0.0260225539849462,0.1084564434967741,0.0054688202465591,0.0353771129748387,0.0158707526823655,0.0422744704811827,0.0373623541734408,0.0706673712816129,0.7216919139870966,0.0178207316097849,0.0693902772634408,0.3,0.1,0.6,0.8,0.4,0.1,0.1,0.1,0.2,0.6,0.4,-0.2739774460150538,0.008456443496774088,-0.5945311797534408,-0.7646228870251613,-0.38412924731763454,-0.057725529518817306,-0.0626376458265592,-0.0293326287183871,0.5216919139870966,-0.582179268390215,-0.3306097227365592
1900,Hindi,Partition Debates,0.07897210823560154,0.09543875012577906,-0.01646664189017752,0.16666666666666666,0.39999999999999997,-0.2333333333333333,-0.08769455843106512,-0.3045612498742209,0.2168666914431558,0.2078196100605325,0.1266646410571597,0.0559406433748323,0.0833753733489546,0.0449179881703353,0.0264169580509368,0.0819324691229092,0.1285668975329586,0.2634364029424851,0.0539142447428599,0.15705284100071,0.5,0.3,0.2,0.5,0.5,0.2,0.1,0.2,0.3,0.4,0.3,-0.2921803899394675,-0.1733353589428403,-0.14405935662516772,-0.4166246266510454,-0.4550820118296647,-0.1735830419490632,-0.0180675308770908,-0.0714331024670414,-0.036563597057514885,-0.34608575525714014,-0.14294715899929
1910,Hindi,Swadeshi Movement,0.05624257662379306,0.023451969606655118,0.03279060701713794,0.5,0.26666666666666666,0.23333333333333334,-0.44375742337620694,-0.24321469706001153,-0.2005427263161954,0.0294752228128275,0.0865829479167586,0.0094066229823448,0.0034202740320689,0.0055558875375172,0.0420849044077931,0.0381800156288965,0.0884628098346896,0.7643932091701379,0.0062708623584137,0.0399693122091034,0.5,0.2,0.1,0.3,0.3,0.6,0.4,0.5,0.3,0.2,0.3,-0.4705247771871725,-0.1134170520832414,-0.09059337701765521,-0.2965797259679311,-0.2944441124624828,-0.5579150955922069,-0.3618199843711035,-0.41153719016531043,0.4643932091701379,-0.1937291376415863,-0.2600306877908966
1920,Hindi,Non-Cooperation Movement,0.017516308667462097,0.02541031511092798,-0.007894006443465884,0.43333333333333335,0.3333333333333333,0.10000000000000003,-0.4158170246658712,-0.3079230182224053,-0.10789400644346592,0.0282991342352272,0.0504071618085227,0.0197272323178409,0.0045397167167045,0.010864088919659,0.0084052058507954,0.0193057518,0.0248379683515909,0.8724933519318182,0.0386245566676136,0.0354504835554545,0.6,0.2,0.2,0.3,0.4,0.5,0.4,0.4,0.3,0.3,0.3,-0.5717008657647727,-0.1495928381914773,-0.1802727676821591,-0.2954602832832955,-0.389135911080341,-0.4915947941492046,-0.38069424820000003,-0.3751620316484091,0.5724933519318183,-0.2613754433323864,-0.2645495164445455
1930,Hindi,Civil Disobedience,0.08155167638301003,0.08435579403843967,-0.002804117655429636,0.3666666666666667,0.3166666666666667,0.04999999999999999,-0.28511499028365667,-0.23231087262822703,-0.052804117655429625,0.1734242695515747,0.1283704307106557,0.0484703596950794,0.0842558030078986,0.029690518858917,0.0495161692956423,0.0611702087196621,0.1339686511337257,0.2965355512029557,0.0419233824065126,0.0764732690936016,0.5,0.2,0.2,0.3,0.4,0.4,0.3,0.4,0.3,0.3,0.3,-0.3265757304484253,-0.0716295692893443,-0.1515296403049206,-0.2157441969921014,-0.37030948114108303,-0.35048383070435774,-0.23882979128033788,-0.26603134886627433,-0.0034644487970442728,-0.2580766175934874,-0.2235267309063984
1940,Hindi,Quit India Movement,0.0239046633487333,0.02902156752625552,-0.005116904177522221,0.3666666666666667,0.36666666666666664,5.551115123125783e-17,-0.3427620033179334,-0.33764509914041113,-0.005116904177522277,0.0301434604930666,0.0952548683518,0.0077383067009333,0.0165778244849333,0.0145783384271333,0.0241194240998,0.0243145689350666,0.0232799970113333,0.858441353636,0.0098366066996666,0.0346638045538666,0.6,0.2,0.2,0.4,0.4,0.4,0.3,0.4,0.3,0.4,0.4,-0.5698565395069334,-0.10474513164820001,-0.1922616932990667,-0.38342217551506674,-0.3854216615728667,-0.3758805759002,-0.2756854310649334,-0.3767200029886667,0.558441353636,-0.39016339330033345,-0.36533619544613344
1950,Hindi,Independence,0.07580706864328136,0.06555998399882242,0.010247084644458948,0.8666666666666667,0.09999999999999999,0.7666666666666667,-0.7908595980233853,-0.034440016001177576,-0.7564195820222077,0.090745356667355,0.1338897535432246,0.0327747579518297,0.0634926117833333,0.0348883288562862,0.0331813980392463,0.0737737958766304,0.1204660120139674,0.4472766021712862,0.0375690951909057,0.0846909696872101,0.1,0.1,0.1,0.1,0.1,0.9,0.9,0.8,0.2,0.1,0.5,-0.009254643332645002,0.0338897535432246,-0.0672252420481703,-0.0365073882166667,-0.0651116711437138,-0.8668186019607538,-0.8262262041233697,-0.6795339879860327,0.24727660217128616,-0.06243090480909431,-0.4153090303127899
1960,Hindi,Sino-India War,0.06006406024358737,0.05628520918634089,0.003778851057246478,0.16666666666666666,0.4333333333333333,-0.2666666666666666,-0.10660260642307928,-0.3770481241469924,0.27044551772391306,0.1235993264429967,0.1062480434440065,0.031022907992671,0.0289625867568403,0.0191325172456351,0.033467399408482,0.0773598027466775,0.0693649785756026,0.5884156554094463,0.0287458732358957,0.0705400080541042,0.7,0.2,0.1,0.6,0.5,0.2,0.1,0.2,0.2,0.5,0.6,-0.5764006735570033,-0.09375195655599351,-0.068977092007329,-0.5710374132431597,-0.4808674827543649,-0.166532600591518,-0.022640197253322503,-0.13063502142439742,0.3884156554094463,-0.4712541267641043,-0.5294599919458958
1970,Hindi,Emergency Period,0.027020556189387732,0.03930216275527206,-0.01228160656588433,0.10000000000000002,0.4666666666666666,-0.3666666666666666,-0.07297944381061229,-0.4273645039113946,0.35438506010078225,0.0787976793663265,0.1008740208115306,0.0227992547881632,0.0042953538743877,0.0176607498677551,0.0461692331632653,0.0231768873763265,0.0117155480285714,0.784931049255102,0.0113859178234693,0.0537593596167346,0.6,0.4,0.3,0.5,0.6,0.1,0.1,0.1,0.2,0.4,0.4,-0.5212023206336734,-0.2991259791884694,-0.2772007452118368,-0.4957046461256123,-0.5823392501322449,-0.053830766836734704,-0.0768231126236735,-0.0882844519714286,0.5849310492551021,-0.3886140821765307,-0.3462406403832654
1980,Hindi,Indira Assassination,0.03911140302450213,0.03995411337517312,-0.0008427103506709888,0.16666666666666666,0.4833333333333332,-0.31666666666666654,-0.12755526364216452,-0.4433792199581601,0.3158239563159956,0.0505625557662337,0.110520376325974,0.0416352280641558,0.0082694518242857,0.0106635651807792,0.0393677912193506,0.033990847682987,0.0439755701711688,0.7761449298181818,0.0180735030896103,0.0627629845958441,0.7,0.2,0.2,0.6,0.5,0.2,0.1,0.2,0.2,0.7,0.7,-0.6494374442337663,-0.08947962367402601,-0.1583647719358442,-0.5917305481757142,-0.4893364348192208,-0.1606322087806494,-0.06600915231701301,-0.15602442982883122,0.5761449298181818,-0.6819264969103896,-0.6372370154041559
1810,Tamil,Poligar Wars,0.005118016787948634,0.03220804854461533,-0.027090031756666695,0.10000000000000002,0.4166666666666667,-0.31666666666666665,-0.09488198321205138,-0.38445861812205134,0.28957663490999996,0.0203542609615384,0.1363741063076923,0.0231864823846153,0.002464346236923,0.0070629003615384,0.0090469090023076,0.0040086445923076,0.0022984967692307,0.8974494084615384,0.0038061950153846,0.0172024573384615,0.7,0.1,0.1,0.6,0.5,0.1,0.1,0.1,0.2,0.5,0.3,-0.6796457390384616,0.036374106307692305,-0.07681351761538471,-0.5975356537630769,-0.4929370996384616,-0.0909530909976924,-0.09599135540769241,-0.0977015032307693,0.6974494084615384,-0.4961938049846154,-0.2827975426615385
1840,Tamil,Railways in Madras,0.013951221528444399,0.023970947829977735,-0.010019726301533336,0.43333333333333335,0.11666666666666665,0.3166666666666667,-0.41938211180488894,-0.09269571883668892,-0.32668639296820007,0.0077206848253333,0.1100723976226666,0.0043158888206666,0.0034878768746666,0.0079736161068,0.0143215459493333,0.0211569067213333,0.0063752119146666,0.8577570926133334,0.0102552227297333,0.0697576600045333,0.1,0.1,0.1,0.2,0.1,0.5,0.6,0.2,0.4,0.1,0.5,-0.0922793151746667,0.010072397622666596,-0.09568411117933341,-0.19651212312533342,-0.0920263838932,-0.4856784540506667,-0.5788430932786667,-0.1936247880853334,0.4577570926133334,-0.08974477727026671,-0.4302423399954667
1860,Tamil,British Direct Rule,0.016354583559722167,0.041078898684930504,-0.024724315125208337,0.16666666666666666,0.3,-0.13333333333333333,-0.1503120831069445,-0.2589211013150695,0.10860901820812499,0.0470521814180555,0.1620199084458333,0.0061811276652777,0.0024159830484722,0.0151150300124999,0.0278983899130555,0.0155226065638888,0.0056427542022222,0.8279798623680555,0.0136891615194444,0.0467956595343055,0.3,0.3,0.2,0.3,0.4,0.2,0.2,0.1,0.4,0.3,0.2,-0.2529478185819445,-0.13798009155416668,-0.1938188723347223,-0.2975840169515278,-0.3848849699875001,-0.17210161008694452,-0.18447739343611122,-0.09435724579777781,0.4279798623680555,-0.2863108384805556,-0.1532043404656945
1880,Tamil,Supreme Court,0.0054011529731371995,0.03953880062888885,-0.03413764765575165,0.3,0.13333333333333333,0.16666666666666666,-0.2945988470268628,-0.09379453270444449,-0.2008043143224183,0.0233812400294117,0.1637178353411764,0.0135479272207843,0.0016877597478431,0.0120190989215686,0.0035943591409803,0.0061069638321568,0.0065021359462745,0.9181897870588236,0.022878942512549,0.0224777057137254,0.1,0.1,0.1,0.2,0.2,0.4,0.3,0.2,0.5,0.1,0.2,-0.07661875997058831,0.0637178353411764,-0.08645207277921571,-0.1983122402521569,-0.1879809010784314,-0.39640564085901975,-0.2938930361678432,-0.19349786405372552,0.4181897870588236,-0.077121057487451,-0.1775222942862746
1890,Tamil,Plague Outbreak,0.0025707557166666332,0.018385452758333334,-0.0158146970416667,0.10000000000000002,0.46666666666666673,-0.3666666666666667,-0.09742924428333338,-0.4482812139083334,0.350851969625,0.026243467,0.0139650815,0.00565543635,0.0028658077,0.05399117,0.0020933779499999,0.003728669,0.0018902202,0.961063135,0.007591754,0.00393397815,0.3,0.1,0.6,0.8,0.4,0.1,0.1,0.1,0.2,0.6,0.4,-0.27375653299999997,-0.0860349185,-0.59434456365,-0.7971341923,-0.34600883000000004,-0.0979066220500001,-0.096271331,-0.0981097798,0.7610631349999999,-0.592408246,-0.39606602185
1900,Tamil,Vaikom Agitation,0.01628648237795177,0.0423326926401606,-0.026046210262208835,0.3666666666666667,0.3166666666666667,0.04999999999999999,-0.3503801842887149,-0.2743339740265061,-0.07604621026220883,0.0524072043253012,0.1472405509349397,0.0228286710120481,0.0104297190325301,0.0108248532149397,0.0169539843528915,0.0142473695539759,0.0176580932269879,0.767489790746988,0.0102651573212048,0.0572142576249397,0.5,0.2,0.2,0.3,0.4,0.4,0.3,0.4,0.3,0.3,0.3,-0.4475927956746988,-0.052759449065060304,-0.1771713289879519,-0.2895702809674699,-0.3891751467850603,-0.3830460156471085,-0.2857526304460241,-0.3823419067730121,0.467489790746988,-0.2897348426787952,-0.2427857423750603
1910,Tamil,Home Rule Movement,0.03070216345895833,0.027388678131666646,0.0033134853272916848,0.43333333333333335,0.25,0.18333333333333335,-0.40263116987437503,-0.22261132186833335,-0.18001984800604165,0.0354108828937499,0.10849944336875,0.006269738634375,0.001361729811875,0.0085485105,0.064256837645625,0.013563519875,0.01428613285625,0.83196843074375,0.00424176358125,0.009375367709375,0.4,0.2,0.1,0.3,0.3,0.5,0.4,0.4,0.3,0.2,0.3,-0.36458911710625014,-0.09150055663125001,-0.09373026136562501,-0.298638270188125,-0.2914514895,-0.435743162354375,-0.38643648012500004,-0.38571386714375,0.53196843074375,-0.19575823641875,-0.29062463229062496
1920,Tamil,Non-Brahman Movement,0.0096813060414682,0.039352077205912654,-0.029670771164444457,0.4000000000000001,0.3166666666666667,0.08333333333333337,-0.39031869395853186,-0.27731458946075405,-0.11300410449777783,0.0204904473214285,0.1784121462023809,0.0180074578590476,0.0022650005055952,0.0090145296529761,0.0105645180116666,0.0112443328982142,0.0072350672145238,0.865658685077381,0.0079228816940476,0.046434218,0.5,0.3,0.2,0.3,0.4,0.4,0.4,0.4,0.3,0.2,0.3,-0.4795095526785715,-0.12158785379761908,-0.1819925421409524,-0.2977349994944048,-0.3909854703470239,-0.38943548198833344,-0.38875566710178583,-0.3927649327854762,0.565658685077381,-0.19207711830595242,-0.253565782
1930,Tamil,Anti-Hindi Agitation,0.03870649289143547,0.08765380902759728,-0.048947316136161816,0.20000000000000004,0.36666666666666664,-0.1666666666666666,-0.16129350710856458,-0.27901285763906936,0.11771935053050478,0.0665043052560219,0.1808107091312408,0.0984411300200364,0.1041503200409489,0.0342584862355109,0.009985520599781,0.012566053894197,0.0935679041803284,0.413559672009854,0.0417579034818248,0.0768575132859854,0.6,0.3,0.2,0.3,0.5,0.2,0.2,0.2,0.3,0.3,0.3,-0.5334956947439781,-0.11918929086875918,-0.1015588699799636,-0.1958496799590511,-0.4657415137644891,-0.190014479400219,-0.18743394610580302,-0.10643209581967161,0.113559672009854,-0.2582420965181752,-0.2231424867140146
1940,Tamil,Quit India,0.0303225711772953,0.0686282806169035,-0.038305709439608204,0.3666666666666667,0.3333333333333333,0.03333333333333338,-0.3363440954893714,-0.2647050527164298,-0.07163904277294159,0.0938377552758467,0.1429533005892943,0.0453799287255241,0.0684923297670564,0.0356966166849092,0.0152934103107631,0.0366186683459112,0.0390556348752116,0.4902225681745967,0.0254097526587903,0.1292467722791633,0.5,0.2,0.2,0.4,0.4,0.4,0.3,0.4,0.3,0.3,0.4,-0.4061622447241533,-0.0570466994107057,-0.1546200712744759,-0.33150767023294364,-0.3643033833150908,-0.38470658968923693,-0.2633813316540888,-0.36094436512478845,0.1902225681745967,-0.2745902473412097,-0.2707532277208367
1950,Tamil,State Formation,0.04813402849366006,0.07040482499241173,-0.022270796498751667,0.6666666666666666,0.09999999999999999,0.5666666666666667,-0.6185326381730065,-0.029595175007588265,-0.5889374631654183,0.0824426948245098,0.2259969381673725,0.0581636151544313,0.0193238645562745,0.0228775277295686,0.07650840231,0.0424123363194901,0.0254813468514901,0.5924057005117647,0.0136243095223137,0.039100306758549,0.1,0.1,0.1,0.1,0.1,0.7,0.7,0.6,0.3,0.1,0.4,-0.0175573051754902,0.1259969381673725,-0.0418363848455687,-0.08067613544372551,-0.0771224722704314,-0.62349159769,-0.6575876636805098,-0.5745186531485099,0.2924057005117647,-0.08637569047768631,-0.360899693241451
1960,Tamil,Madras Crisis,0.041606101065866666,0.04571870725048332,-0.004112606184616653,0.20000000000000004,0.3833333333333333,-0.18333333333333326,-0.15839389893413336,-0.33761462608285,0.17922072714871662,0.0252415014669999,0.1936792267022,0.0051305323364,0.0016511298908,0.0156772133884,0.0808976492222,0.0217385860754,0.0221820679,0.7461349749039999,0.0329326397181,0.060965195594,0.5,0.3,0.2,0.4,0.5,0.2,0.2,0.2,0.3,0.4,0.3,-0.4747584985330001,-0.10632077329779999,-0.1948694676636,-0.3983488701092,-0.4843227866116,-0.11910235077780001,-0.17826141392460002,-0.17781793210000002,0.44613497490399995,-0.3670673602819,-0.239034804406
1970,Tamil,Dravidian Politics Rise,0.03482622903300247,0.10858283139899721,-0.07375660236599474,0.43333333333333335,0.2333333333333333,0.20000000000000004,-0.39850710430033087,-0.1247505019343361,-0.27375660236599475,0.0886830363740134,0.237665348970426,0.1105066903976681,0.1083812269947459,0.044515328003408,0.0113911590643288,0.0317877774603438,0.0612997505743348,0.3628128678160463,0.0617453576537219,0.0886746888062855,0.3,0.2,0.2,0.2,0.3,0.4,0.5,0.4,0.4,0.2,0.3,-0.2113169636259866,0.03766534897042598,-0.08949330960233191,-0.09161877300525412,-0.25548467199659197,-0.3886088409356712,-0.4682122225396562,-0.33870024942566523,-0.0371871321839537,-0.1382546423462781,-0.2113253111937145
1980,Tamil,Cyclone Gaja,0.02757439236188,0.047139601727099974,-0.019565209365219972,0.16666666666666666,0.4666666666666666,-0.29999999999999993,-0.13909227430478666,-0.41952706493956665,0.28043479063477994,0.049331121042,0.1348909286868,0.0432298379243999,0.0313001401639,0.014864561231,0.00763727088484,0.0391631109805,0.0359227952203,0.778760977991,0.0092210213145,0.0298086182085,0.3,0.1,0.2,0.8,0.6,0.2,0.1,0.2,0.1,0.8,0.5,-0.250668878958,0.034890928686799993,-0.15677016207560013,-0.7686998598361,-0.585135438769,-0.19236272911516,-0.060836889019500004,-0.1640772047797,0.678760977991,-0.7907789786855001,-0.4701913817915
